rolling_avg_goals;prev_xgoals;prev_possession;prev_shots;prev_ontarget;prev_accuracy;cumulative_points;points_rank;win_streak;rolling_xg_performance;home_form_wins;home_form_goals;away_form_wins;away_form_goals;rolling_shot_conversion;h2h_points;elo_before;opponent_elo_before;pred_away_win;pred_draw;pred_home_win;predicted_outcome;actual_outcome
;;;;;;;1;;1.246;3.0;2.6;;;0.1930215564486664;19;1735.913615513004;1576.0922901553247;0.17946008;0.33291605;0.48762393;home_win;home_win
;;;;;;;1;;-0.2959999999999997;;;3.0;2.4;0.1332142857142857;13;1580.2726576895045;1483.8618378513922;0.29224515;0.35826692;0.3494879;draw;away_win
;;;;;;;1;;0.3120000000000001;1.0;1.6;;;0.1899206349206349;23;1564.6174718467091;1480.984239170286;0.160107;0.31801954;0.5218734;home_win;away_win
;;;;;;;1;;-0.1279999999999999;;;4.0;2.6;0.12996336996337;9;1544.2290071523028;1598.2471952466778;0.54439765;0.23423375;0.22136857;away_win;away_win
;;;;;;;1;;-1.186;;;0.0;1.2;0.0553571428571428;10;1434.7927233432126;1543.4983960439893;0.43447167;0.37939367;0.1861347;away_win;home_win
;;;;;;;1;;0.5899999999999999;;;0.0;1.8;0.1148521653784811;5;1460.630027836629;1712.385412899361;0.65715414;0.20886075;0.13398507;away_win;home_win
;;;;;;;1;;0.6880000000000002;1.0;1.6;;;0.2116666666666666;13;1483.8618378513922;1580.2726576895045;0.5093998;0.25232375;0.23827651;away_win;home_win
;;;;;;;1;;-0.912;;;2.0;0.8;0.0188034188034188;5;1480.984239170286;1564.6174718467091;0.5582444;0.24875475;0.19300085;away_win;home_win
;;;;;;;1;;0.0419999999999999;3.0;2.0;;;0.1928787878787878;12;1598.2471952466778;1544.2290071523028;0.17409985;0.26817614;0.55772406;home_win;home_win
;;;;;;;1;;1.6020000000000003;;;3.0;2.6;0.2769102792632204;3;1627.4678887618677;1437.418879429377;0.29517877;0.26385468;0.44096655;home_win;draw
;;;;;;;1;;0.414;1.0;1.4;;;0.1733333333333333;0;1471.682619927133;1462.8434910433552;0.30672058;0.3102775;0.38300192;home_win;draw
;;;;;;;1;;-0.0319999999999999;;;1.0;0.6;0.1472222222222222;7;1576.0922901553247;1735.913615513004;0.6146631;0.17628132;0.20905554;away_win;away_win
;;;;;;;1;;-0.2939999999999998;0.0;1.6;;;0.0952525252525252;10;1543.4983960439893;1434.7927233432126;0.21136206;0.29790002;0.49073797;home_win;away_win
;;;;;;;1;;-0.144;;;1.0;0.6;0.0670028011204481;7;1487.341685998436;1464.3672310854722;0.34675032;0.32570937;0.3275403;away_win;home_win
;;;;;;;1;;0.416;2.0;1.4;;;0.2088095238095238;23;1712.385412899361;1460.630027836629;0.1315438;0.34958082;0.51887536;home_win;away_win
;;;;;;;1;;-0.2274999999999999;;;1.0;0.5;0.0458333333333333;0;1462.8434910433552;1471.682619927133;0.35142708;0.32049465;0.32807824;away_win;draw
;;;;;;;1;;-0.122;0.0;0.6;;;0.1331605351170568;4;1464.3672310854722;1487.341685998436;0.322191;0.335686;0.34212303;home_win;away_win
;;;;;;;1;;-0.684;1.0;0.6;;;0.0476923076923076;0;1437.418879429377;1627.4678887618677;0.5894948;0.19808054;0.21242467;away_win;draw
6.0;1.76;0.6;19.0;10.0;0.91;3.0;1;1.0;1.928;;;3.0;3.0;0.2091206276560967;24;1742.752578064273;1495.818299958707;0.25154576;0.32355994;0.42489427;home_win;home_win
1.0;2.33;0.68;21.0;6.0;0.87;0.0;10;0.0;-1.0539999999999998;1.0;1.8;;;0.0855952380952381;17;1565.0256630958093;1471.37739308068;0.16570942;0.3187315;0.5155591;home_win;home_win
1.0;3.04;0.6;18.0;7.0;0.83;0.0;10;0.0;-0.2759999999999999;;;3.0;1.4;0.151031746031746;17;1549.783411058288;1450.429382608848;0.2977792;0.3489459;0.35327488;home_win;away_win
1.0;0.65;0.48;11.0;5.0;0.82;0.0;10;0.0;-0.1499999999999999;2.0;1.2;;;0.1214785214785215;7;1534.0798398276168;1692.9483303890936;0.526456;0.26556718;0.2079768;away_win;draw
1.0;1.54;0.53;13.0;2.0;0.83;3.0;1;1.0;-1.098;2.0;1.2;;;0.0707417582417582;5;1450.429382608848;1549.783411058288;0.32427657;0.35823524;0.31748825;draw;home_win
2.0;0.47;0.41;10.0;5.0;0.82;3.0;1;1.0;0.834;1.0;1.2;;;0.1337995337995338;8;1480.0671103468967;1608.396362571364;0.5529056;0.22953494;0.21755947;away_win;away_win
2.0;0.84;0.32;8.0;2.0;0.64;3.0;1;1.0;0.4360000000000002;;;3.0;1.4;0.195;9;1499.1088324450875;1621.4886227019097;0.6382921;0.2080343;0.15367357;away_win;away_win
3.0;1.22;0.4;14.0;4.0;0.76;3.0;1;1.0;-0.3620000000000001;1.0;0.8;;;0.0616605616605616;6;1495.818299958707;1742.752578064273;0.53993165;0.23396075;0.22610758;away_win;away_win
4.0;1.73;0.52;15.0;5.0;0.84;3.0;1;1.0;0.5879999999999999;;;2.0;1.4;0.2128787878787878;20;1608.396362571364;1480.0671103468967;0.26875532;0.2963589;0.4348857;home_win;home_win
3.0;1.63;0.55;8.0;7.0;0.85;1.0;8;0.0;1.5180000000000002;4.0;2.6;;;0.3019102792632204;21;1621.4886227019097;1499.1088324450875;0.18248071;0.30523217;0.5122871;home_win;home_win
0.0;1.29;0.57;16.0;4.0;0.88;1.0;8;0.0;0.026;;;1.0;2.0;0.1066666666666666;11;1471.37739308068;1565.0256630958093;0.40863153;0.39494538;0.1964231;away_win;away_win
0.0;0.53;0.4;11.0;2.0;0.83;0.0;10;0.0;0.052;2.0;2.2;;;0.125;10;1569.2533276040558;1453.1595860936438;0.2063252;0.3719826;0.42169222;home_win;home_win
0.0;1.51;0.47;16.0;2.0;0.76;0.0;10;0.0;-0.5079999999999998;;;2.0;1.6;0.0752525252525252;11;1527.8617367783538;1498.5493309902645;0.33543077;0.39319196;0.27137727;draw;draw
3.0;2.52;0.49;15.0;5.0;0.83;3.0;1;1.0;-0.07;0.0;1.0;;;0.0803361344537815;17;1498.5493309902645;1527.8617367783538;0.31045303;0.38859308;0.30095387;draw;draw
1.0;0.89;0.59;9.0;3.0;0.88;0.0;10;0.0;0.452;;;2.0;2.0;0.206031746031746;13;1692.9483303890936;1534.0798398276168;0.2987222;0.29450694;0.40677088;home_win;draw
1.0;0.25;0.51;7.0;3.0;0.82;0.0;10;0.0;0.2059999999999999;;;4.0;1.4;0.1617319636884854;1;1453.1595860936438;1569.2533276040558;0.45125124;0.32455105;0.22419778;away_win;away_win
4.5;3.96;0.56;20.0;10.0;0.84;6.0;1;1.0;1.4640000000000002;3.0;3.0;;;0.1962634847989539;0;1747.418935395451;1463.1487178898085;0.14335373;0.24992946;0.6067168;home_win;home_win
1.0;0.73;0.55;15.0;6.0;0.89;3.0;6;1.0;-0.6039999999999998;;;3.0;2.6;0.0989285714285714;9;1573.8672865595854;1534.442422008024;0.36392227;0.3538403;0.2822374;away_win;away_win
1.0;0.56;0.6;10.0;3.0;0.84;0.0;17;0.0;-0.0759999999999998;1.0;1.6;;;0.1576984126984127;21;1534.442422008024;1573.8672865595854;0.33642983;0.31612834;0.3474418;home_win;home_win
2.0;2.5;0.44;13.0;6.0;0.85;1.0;11;0.0;0.146;;;3.0;2.4;0.1522477522477522;6;1539.214023380954;1462.5357696169035;0.27347317;0.3472426;0.37928423;home_win;home_win
2.5;1.69;0.4;16.0;7.0;0.78;6.0;1;1.0;-0.2279999999999999;;;1.0;0.8;0.1082417582417582;8;1465.770371659112;1499.5593503366918;0.322959;0.39420816;0.28283286;draw;draw
1.5;0.88;0.56;17.0;5.0;0.82;3.0;6;0.0;0.69;;;1.0;2.2;0.1092006033182503;8;1472.3083051874858;1491.1691314074335;0.3448421;0.38189286;0.27326506;draw;home_win
1.0;0.99;0.39;12.0;3.0;0.8;3.0;6;0.0;0.1580000000000002;2.0;1.8;;;0.1549999999999999;20;1491.1691314074335;1472.3083051874858;0.26837227;0.37649086;0.35513684;draw;away_win
2.5;0.67;0.44;10.0;3.0;0.8;3.0;6;0.0;0.0639999999999999;;;2.0;1.2;0.1016605616605616;1;1491.151942627529;1443.3981454893349;0.29982117;0.3554617;0.34471712;draw;away_win
3.5;1.5;0.44;9.0;6.0;0.76;6.0;1;1.0;1.214;;;2.0;1.4;0.2795454545454545;9;1616.1551677307748;1687.8141468357564;0.49680117;0.24162501;0.2615738;away_win;away_win
3.0;1.95;0.61;10.0;6.0;0.9;4.0;4;1.0;1.614;;;3.0;3.2;0.3266161616161616;8;1629.4283237395634;1445.0264660527855;0.2837718;0.23629944;0.4799288;home_win;home_win
0.0;1.37;0.45;14.0;6.0;0.84;1.0;11;0.0;-0.514;1.0;1.2;;;0.0666666666666666;15;1462.5357696169035;1539.214023380954;0.30127966;0.38241196;0.31630838;draw;away_win
1.0;2.66;0.61;19.0;5.0;0.87;3.0;6;1.0;0.002;;;1.0;0.6;0.1460526315789473;11;1577.386447644914;1526.8517174319263;0.34678108;0.338194;0.31502485;away_win;home_win
0.5;2.02;0.55;16.0;3.0;0.84;1.0;11;0.0;-0.4319999999999998;0.0;1.2;;;0.0877525252525252;17;1526.8517174319263;1577.386447644914;0.3937323;0.32534033;0.28092733;away_win;away_win
2.0;0.58;0.45;10.0;3.0;0.73;4.0;4;0.0;0.092;0.0;1.0;;;0.1003361344537815;14;1499.5593503366918;1465.770371659112;0.2916603;0.35622618;0.35211352;draw;draw
2.0;2.1;0.56;10.0;4.0;0.89;1.0;11;0.0;0.504;2.0;1.6;;;0.2393650793650794;21;1687.8141468357564;1616.1551677307748;0.40177357;0.22783126;0.3703952;away_win;home_win
0.0;0.37;0.43;7.0;1.0;0.8;1.0;11;0.0;-0.2559999999999999;;;1.0;0.3333333333333333;0.0366666666666666;0;1463.1487178898085;1747.418935395451;0.6063818;0.22218658;0.17143162;away_win;away_win
0.5;0.91;0.39;6.0;3.0;0.72;0.0;17;0.0;-0.28;0.0;0.8;;;0.0867319636884854;2;1445.0264660527855;1629.4283237395634;0.57389975;0.20901118;0.21708901;away_win;away_win
3.0;1.39;0.45;11.0;7.0;0.8;1.0;11;0.0;-0.1640000000000001;0.0;1.0;;;0.0822377622377622;1;1443.3981454893349;1491.151942627529;0.30305412;0.3641864;0.33275947;draw;home_win
4.666666666666667;2.47;0.61;22.0;12.0;0.92;9.0;1;2.0;1.664;;;4.0;3.4;0.2131466016820708;20;1751.329897397392;1484.9590958898336;0.26633286;0.30897358;0.42469355;home_win;home_win
1.6666666666666667;1.72;0.47;14.0;6.0;0.78;3.0;10;1.0;-0.0379999999999998;;;3.0;1.6;0.1434126984126984;16;1547.7982940304971;1548.6078273184116;0.3840158;0.35137704;0.26460716;away_win;home_win
2.6666666666666665;1.88;0.46;12.0;7.0;0.82;4.0;8;1.0;0.42;2.0;1.6;;;0.1881451881451881;4;1548.6078273184116;1547.7982940304971;0.32013837;0.3004967;0.37936494;home_win;away_win
2.6666666666666665;1.6;0.46;14.0;8.0;0.8;7.0;2;0.0;0.268;;;1.0;1.2;0.1510989010989011;7;1466.9337362293415;1587.6532451745172;0.5406085;0.28709778;0.17229372;away_win;away_win
2.333333333333333;2.9;0.56;9.0;8.0;0.79;6.0;4;1.0;0.596;1.0;1.2;;;0.1673202614379084;5;1484.9590958898336;1751.329897397392;0.5226072;0.22933397;0.24805884;away_win;away_win
1.3333333333333333;3.69;0.44;18.0;6.0;0.71;3.0;10;0.0;-0.2539999999999998;;;2.0;1.0;0.1522222222222222;12;1478.5183407050858;1606.5956729546;0.5033491;0.30644348;0.19020738;away_win;home_win
2.0;0.72;0.48;10.0;5.0;0.79;3.0;10;0.0;0.4699999999999999;0.0;1.0;;;0.1139682539682539;13;1477.5128933156452;1516.5849199023232;0.3319519;0.37908465;0.2889634;draw;away_win
2.6666666666666665;0.6;0.58;10.0;1.0;0.86;6.0;4;0.0;0.964;4.0;2.6;;;0.2195454545454545;15;1606.5956729546;1478.5183407050858;0.16847979;0.31167406;0.51984614;home_win;away_win
2.6666666666666665;2.83;0.7;15.0;7.0;0.9;7.0;2;2.0;1.062;5.0;3.2;;;0.2805555555555555;25;1635.59686241205;1498.3959857664622;0.1560324;0.28404254;0.5599251;home_win;home_win
0.0;1.69;0.54;19.0;3.0;0.87;1.0;13;0.0;-1.314;;;0.0;1.2;0.0;2;1453.141965679446;1697.3736416119314;0.47021383;0.36095786;0.16882832;away_win;draw
1.0;1.55;0.46;16.0;4.0;0.76;6.0;4;2.0;-0.502;2.0;2.2;;;0.0835526315789473;13;1587.6532451745172;1466.9337362293415;0.15082969;0.31579956;0.5333708;home_win;home_win
0.3333333333333333;0.89;0.54;14.0;2.0;0.74;1.0;13;0.0;-0.4579999999999998;;;1.0;1.2;0.0710858585858585;16;1516.5849199023232;1477.5128933156452;0.30524898;0.44544217;0.24930878;draw;home_win
2.333333333333333;1.48;0.54;13.0;6.0;0.85;5.0;7;0.0;0.482;;;2.0;1.2;0.1464899806076277;4;1498.3959857664622;1635.59686241205;0.59552795;0.19503973;0.20943232;away_win;away_win
2.333333333333333;2.75;0.42;18.0;8.0;0.79;4.0;8;1.0;0.2299999999999999;2.0;1.6;;;0.1926984126984126;26;1697.3736416119314;1453.141965679446;0.18249705;0.31918296;0.49832004;home_win;draw
0.0;0.66;0.39;9.0;2.0;0.83;1.0;13;0.0;-0.504;0.0;0.5;;;0.0166666666666666;0;1459.2377558878673;1438.857927380299;0.31360576;0.35792577;0.32846847;draw;home_win
0.3333333333333333;0.58;0.3;5.0;1.0;0.68;0.0;16;0.0;-0.262;;;3.0;1.2;0.0767319636884854;0;1438.857927380299;1459.2377558878673;0.34013915;0.3872925;0.27256835;draw;away_win
4.5;2.93;0.63;18.0;11.0;0.89;12.0;1;3.0;1.904;4.0;3.6;;;0.2401997417786891;16;1755.5899824779258;1536.579867079795;0.1805619;0.26513055;0.5543075;home_win;home_win
1.0;0.68;0.53;8.0;3.0;0.84;3.0;15;0.0;-0.0679999999999997;;;2.0;2.0;0.1139285714285714;15;1560.5114145371122;1458.943174369109;0.32760304;0.36008453;0.3123124;draw;home_win
2.0;2.55;0.41;10.0;5.0;0.81;6.0;5;2.0;0.0020000000000001;2.0;2.0;;;0.1589682539682539;21;1559.826254269114;1480.6990108092998;0.18568736;0.36889532;0.44541728;home_win;draw
2.0;1.1;0.59;12.0;5.0;0.86;4.0;11;0.0;0.6740000000000002;;;3.0;2.6;0.1881451881451881;4;1536.579867079795;1755.5899824779258;0.5190982;0.23226334;0.24863842;away_win;away_win
2.25;1.72;0.54;13.0;2.0;0.88;7.0;4;0.0;0.1100000000000001;3.0;1.8;;;0.1331501831501831;6;1458.943174369109;1560.5114145371122;0.3341491;0.34147796;0.324373;draw;away_win
2.0;0.94;0.37;12.0;3.0;0.79;6.0;5;0.0;0.462;;;2.0;2.8;0.1573202614379085;6;1480.6990108092998;1559.826254269114;0.45034882;0.31814235;0.23150885;away_win;draw
2.0;1.89;0.32;12.0;6.0;0.6;6.0;5;1.0;0.2800000000000002;1.0;2.0;;;0.2188888888888888;0;1494.7519194723495;1470.5346677454422;0.31889632;0.34413597;0.3369677;draw;draw
1.75;1.36;0.58;18.0;6.0;0.86;3.0;15;0.0;0.476;;;2.0;1.2;0.125079365079365;9;1466.8567329512275;1427.561015522724;0.3593965;0.343356;0.2972475;away_win;away_win
2.75;1.79;0.68;18.0;9.0;0.87;6.0;5;0.0;1.25;;;2.0;1.6;0.2278787878787878;17;1590.3620941873362;1460.4168487316233;0.241927;0.25525686;0.50281614;home_win;home_win
2.25;0.99;0.55;12.0;4.0;0.86;10.0;2;3.0;0.5160000000000001;;;3.0;2.8;0.2083333333333334;18;1643.0899837737522;1527.2410802667407;0.31927195;0.2896724;0.39105564;home_win;home_win
0.25;0.92;0.41;11.0;7.0;0.83;2.0;17;0.0;-1.026;0.0;1.0;;;0.0181818181818181;8;1460.4168487316233;1590.3620941873362;0.5387301;0.26771408;0.19355586;away_win;away_win
1.5;2.49;0.46;16.0;8.0;0.86;9.0;3;3.0;-0.074;;;2.0;0.8;0.1210526315789473;17;1595.6438070347497;1490.90286440476;0.3289348;0.26050204;0.41056317;home_win;home_win
1.25;2.92;0.42;12.0;4.0;0.78;4.0;11;1.0;-0.5879999999999999;0.0;1.0;;;0.1013888888888888;9;1527.2410802667407;1643.0899837737522;0.6051093;0.1793961;0.21549463;away_win;away_win
1.75;0.69;0.45;6.0;0.0;0.84;5.0;9;0.0;0.194;0.0;1.6;;;0.1179185520361991;11;1490.90286440476;1595.6438070347497;0.4680746;0.27870396;0.2532215;away_win;away_win
2.0;1.45;0.59;13.0;8.0;0.9;5.0;9;0.0;0.182;;;1.0;1.8;0.188083028083028;1;1690.098758559754;1457.037194801219;0.24239951;0.23478511;0.52281535;home_win;home_win
0.6666666666666666;2.68;0.53;21.0;8.0;0.85;4.0;11;1.0;-0.516;;;1.0;0.25;0.0357142857142857;0;1470.5346677454422;1494.7519194723495;0.3498704;0.3891333;0.26099628;draw;draw
0.5;2.21;0.47;21.0;8.0;0.81;0.0;18;0.0;-0.2679999999999999;0.0;0.8;;;0.0688644688644688;3;1427.561015522724;1466.8567329512275;0.31672052;0.38019624;0.30308324;draw;home_win
2.5;2.96;0.52;13.0;7.0;0.81;4.0;11;1.0;-0.236;1.0;1.2;;;0.1053146853146853;1;1457.037194801219;1690.098758559754;0.45949915;0.29790798;0.24259287;away_win;away_win
4.4;3.54;0.55;25.0;12.0;0.88;15.0;1;4.0;1.4680000000000002;;;4.0;3.6;0.215056884635832;17;1760.8903671006997;1598.0721374777388;0.25003454;0.4614997;0.28846577;draw;home_win
1.25;2.07;0.56;15.0;5.0;0.87;6.0;10;1.0;-0.0779999999999998;2.0;1.8;;;0.1120238095238095;4;1569.10000330544;1440.9124837232764;0.18291992;0.3636543;0.45342577;home_win;home_win
1.8;1.25;0.47;4.0;1.0;0.69;7.0;6;0.0;-0.0239999999999998;;;4.0;1.8;0.1839682539682539;17;1557.139587371313;1452.7068054412207;0.31797686;0.34365338;0.3383697;draw;draw
2.0;1.15;0.44;15.0;7.0;0.82;7.0;6;0.0;0.4600000000000001;;;1.0;1.4;0.136959706959707;5;1450.354585600781;1483.385677707101;0.29989716;0.3254243;0.37467852;home_win;home_win
1.8;1.92;0.53;13.0;4.0;0.76;7.0;6;0.0;0.378;1.0;1.2;;;0.1727048768225239;17;1483.385677707101;1450.354585600781;0.27732706;0.3583157;0.36435726;home_win;away_win
1.6;1.34;0.35;9.0;2.0;0.7;7.0;6;0.0;-0.1499999999999997;;;2.0;1.4;0.1388888888888889;8;1493.9168372045458;1695.0726478107283;0.64206487;0.19927956;0.15865555;away_win;away_win
1.6;1.02;0.53;8.0;2.0;0.8;3.0;14;0.0;0.602;0.0;1.0;;;0.1389682539682539;16;1453.5052647506757;1482.4147372161333;0.32080242;0.39023423;0.28896335;draw;home_win
3.4;2.63;0.57;21.0;7.0;0.84;9.0;4;1.0;1.75;4.0;3.0;;;0.2304761904761904;11;1598.0721374777388;1760.8903671006997;0.43298948;0.33112144;0.23588914;away_win;away_win
2.2;1.22;0.52;9.0;4.0;0.8;13.0;2;4.0;0.4760000000000001;5.0;2.8;;;0.2227777777777778;12;1651.230683838308;1604.1319342233764;0.28736904;0.36940092;0.34323004;draw;draw
1.0;2.49;0.43;12.0;9.0;0.8;2.0;16;0.0;-0.552;0.0;1.6;;;0.0848484848484848;8;1452.7068054412207;1557.139587371313;0.40840715;0.31611812;0.27547473;away_win;draw
1.4;2.37;0.51;19.0;6.0;0.82;12.0;3;4.0;-0.5200000000000001;;;2.0;0.4;0.081578947368421;18;1604.1319342233764;1651.230683838308;0.3404871;0.37567097;0.28384194;draw;draw
1.0;0.77;0.48;9.0;1.0;0.76;4.0;13;0.0;-0.6219999999999998;;;2.0;1.8;0.0791666666666666;0;1519.1003802021849;1471.369750013246;0.35373756;0.36909643;0.27716595;draw;away_win
1.4;2.87;0.49;23.0;5.0;0.84;5.0;11;0.0;-0.228;;;2.0;1.2;0.1061538461538461;10;1482.4147372161333;1453.5052647506757;0.3121312;0.39534137;0.29252738;draw;away_win
2.0;0.81;0.53;5.0;4.0;0.85;8.0;5;1.0;0.4;2.0;1.8;;;0.2109401709401709;17;1695.0726478107283;1493.9168372045458;0.14175102;0.3073166;0.5509324;home_win;home_win
0.5;1.1;0.65;18.0;7.0;0.87;5.0;11;0.0;-0.5920000000000001;1.0;1.0;;;0.0357142857142857;0;1471.369750013246;1519.1003802021849;0.2575786;0.40180114;0.34062025;draw;home_win
0.8;1.19;0.47;12.0;6.0;0.76;3.0;14;1.0;-0.2279999999999999;;;3.0;1.4;0.0714285714285714;7;1440.9124837232764;1569.10000330544;0.4532842;0.35208973;0.19462603;away_win;away_win
3.8;1.65;0.58;10.0;3.0;0.88;18.0;1;5.0;0.8900000000000002;5.0;4.0;;;0.2118989898989899;18;1767.6452807236358;1649.6138426727173;0.2879061;0.33748904;0.37460482;home_win;home_win
1.2;1.48;0.61;21.0;8.0;0.87;9.0;6;2.0;-0.2579999999999998;;;3.0;1.6;0.084047619047619;11;1576.8630928623627;1469.4185374454678;0.31745937;0.32231316;0.3602275;home_win;home_win
1.6;0.62;0.49;11.0;1.0;0.83;8.0;8;0.0;0.2600000000000002;1.0;1.6;;;0.1728571428571428;7;1553.637448988298;1591.3172238548025;0.47043523;0.28409714;0.24546765;away_win;draw
1.6;0.39;0.45;9.0;3.0;0.79;4.0;14;0.0;0.296;;;2.0;2.2;0.131002331002331;4;1531.2794824570212;1433.1493941663537;0.3439843;0.36195272;0.29406297;draw;draw
2.0;0.94;0.45;9.0;4.0;0.79;10.0;5;1.0;0.5800000000000002;2.0;1.6;;;0.1437973137973138;14;1463.4920142780888;1466.501464521341;0.28192806;0.3850641;0.33300784;draw;draw
1.4;1.36;0.55;14.0;3.0;0.83;7.0;10;0.0;-0.2;;;2.0;2.6;0.1327048768225238;0;1470.2482490297934;1452.0633055502442;0.32576156;0.36859477;0.30564365;draw;home_win
1.2;0.68;0.32;10.0;3.0;0.72;7.0;10;0.0;-0.5179999999999998;1.0;1.2;;;0.0888888888888888;18;1488.1798598951948;1456.2089438242356;0.22064164;0.3868355;0.39252284;home_win;home_win
1.6;1.85;0.49;9.0;6.0;0.78;6.0;12;1.0;0.4759999999999998;;;1.0;1.0;0.1627777777777777;8;1466.501464521341;1463.4920142780888;0.36798045;0.36325973;0.26875985;away_win;draw
2.6;0.51;0.42;6.0;1.0;0.82;9.0;6;0.0;1.194;;;3.0;2.8;0.1771428571428571;19;1591.3172238548025;1553.637448988298;0.3022901;0.396947;0.30076295;draw;draw
1.8;1.16;0.49;15.0;3.0;0.84;14.0;2;0.0;0.1700000000000001;;;4.0;2.8;0.1611111111111111;6;1649.6138426727173;1767.6452807236358;0.35986558;0.3736141;0.2665203;draw;away_win
1.0;0.56;0.33;9.0;6.0;0.87;3.0;17;0.0;-0.4059999999999999;;;0.0;1.2;0.0848484848484848;9;1456.2089438242356;1488.1798598951948;0.29459918;0.480842;0.22455885;draw;away_win
1.6;0.97;0.51;12.0;4.0;0.85;13.0;3;0.0;-0.408;2.0;2.2;;;0.0982456140350877;0;1605.7487753889673;1485.008014087752;0.15669253;0.28098094;0.56232655;home_win;home_win
1.0;0.64;0.6;10.0;3.0;0.82;4.0;14;0.0;-0.4479999999999998;0.0;0.6;;;0.0791666666666666;8;1505.4621161276789;1700.8096251200795;0.51201797;0.24006581;0.24791624;away_win;away_win
1.0;1.84;0.51;15.0;4.0;0.83;5.0;13;0.0;-0.492;0.0;1.2;;;0.0794871794871795;17;1469.4185374454678;1576.8630928623627;0.39611706;0.3220339;0.28184906;away_win;away_win
2.2;2.65;0.68;21.0;5.0;0.91;11.0;4;2.0;0.248;;;1.0;2.0;0.2077655677655677;20;1700.8096251200795;1505.4621161276789;0.27107468;0.29367715;0.4352482;home_win;home_win
1.2;1.69;0.4;15.0;9.0;0.68;8.0;8;1.0;-0.1;;;1.0;0.2;0.0723809523809523;0;1485.008014087752;1605.7487753889673;0.6182737;0.23689282;0.14483352;away_win;away_win
0.6;0.29;0.39;5.0;1.0;0.71;3.0;17;0.0;-0.4359999999999999;1.0;1.2;;;0.0428571428571428;7;1433.1493941663537;1531.2794824570212;0.31102407;0.3410902;0.3478857;home_win;draw
2.0;1.03;0.47;14.0;6.0;0.83;4.0;14;0.0;-0.154;1.0;1.2;;;0.0996003996003996;3;1452.0633055502442;1470.2482490297934;0.27926108;0.3984654;0.3222735;draw;away_win
3.6;2.09;0.6;14.0;7.0;0.89;21.0;1;6.0;1.064;;;4.0;3.4;0.2104704184704184;17;1775.718532779711;1445.3100739134372;0.24661162;0.29847777;0.4549106;home_win;home_win
1.6;2.41;0.57;17.0;8.0;0.86;12.0;5;3.0;0.1260000000000001;3.0;1.4;;;0.1098179271708684;18;1585.2660340161192;1499.577902635929;0.14619556;0.29902333;0.5547811;home_win;home_win
1.8;1.13;0.52;12.0;4.0;0.81;9.0;9;0.0;0.3460000000000002;;;3.0;1.4;0.1861904761904761;11;1554.9337839445873;1706.6938386118295;0.58300346;0.23077251;0.18622406;away_win;away_win
1.8;1.61;0.46;11.0;5.0;0.79;5.0;12;0.0;0.304;2.0;1.2;;;0.1491841491841491;7;1527.9775280896065;1499.0787298059931;0.23822276;0.40856546;0.35321176;draw;home_win
1.4;0.6;0.55;9.0;2.0;0.78;11.0;6;0.0;0.198;;;2.0;1.4;0.116019536019536;8;1463.5959544076377;1641.540590616642;0.5833852;0.22624658;0.1903682;away_win;away_win
1.8;2.18;0.54;13.0;5.0;0.83;10.0;7;1.0;-0.06;0.0;0.8;;;0.167094017094017;6;1481.6207362576083;1436.4513485337686;0.30204007;0.35175577;0.34620413;draw;home_win
1.8;1.79;0.4;14.0;5.0;0.71;10.0;7;1.0;-0.0779999999999998;;;2.0;1.4;0.1317460317460317;16;1499.0787298059931;1527.9775280896065;0.33292025;0.4262439;0.24083583;draw;away_win
1.4;0.96;0.45;9.0;3.0;0.76;7.0;11;0.0;0.2179999999999999;1.0;1.6;;;0.145;4;1466.397524391792;1613.738685176421;0.5442224;0.2100194;0.24575822;away_win;away_win
1.4;1.37;0.4;7.0;1.0;0.8;14.0;3;0.0;-0.1139999999999999;4.0;2.4;;;0.1296825396825397;14;1641.540590616642;1463.5959544076377;0.18378733;0.30658185;0.5096308;home_win;home_win
1.2;0.88;0.6;8.0;2.0;0.84;3.0;16;0.0;-0.1079999999999999;0.0;0.8;;;0.1098484848484848;11;1445.3100739134372;1775.718532779711;0.5130213;0.25776798;0.22921069;away_win;away_win
1.6;1.37;0.48;10.0;4.0;0.87;16.0;2;1.0;-0.15;;;2.0;0.6;0.1171929824561403;22;1613.738685176421;1466.397524391792;0.32349014;0.21658438;0.4599255;home_win;home_win
1.4;2.1;0.46;14.0;4.0;0.73;4.0;14;0.0;-0.0639999999999998;;;2.0;1.8;0.1095238095238095;6;1499.577902635929;1585.2660340161192;0.46858427;0.34029317;0.19112256;away_win;away_win
0.8;0.78;0.43;10.0;3.0;0.8;5.0;12;0.0;-0.732;;;2.0;1.0;0.0594871794871795;0;1461.0155962917113;1477.018104300298;0.34033418;0.36735073;0.2923151;draw;home_win
2.4;3.25;0.54;18.0;9.0;0.83;14.0;3;3.0;0.218;2.0;1.8;;;0.1922100122100122;17;1706.6938386118295;1554.9337839445873;0.17984189;0.25537866;0.56477946;home_win;home_win
1.4;1.12;0.52;14.0;3.0;0.86;8.0;10;0.0;-0.05;2.0;1.75;;;0.0866666666666666;0;1477.018104300298;1461.0155962917113;0.27290174;0.34939858;0.37769964;home_win;away_win
1.0;3.09;0.54;29.0;12.0;0.83;4.0;14;0.0;-0.4719999999999998;;;2.0;1.2;0.0566502463054187;3;1436.4513485337686;1481.6207362576083;0.34240276;0.3733302;0.28426704;draw;away_win
3.2;2.73;0.73;25.0;11.0;0.94;24.0;1;7.0;0.6120000000000002;5.0;3.8;;;0.189015873015873;16;1778.8357509813518;1713.761971597977;0.3151818;0.32247785;0.36234033;home_win;home_win
1.8;1.85;0.57;19.0;9.0;0.81;15.0;5;4.0;0.1020000000000001;;;3.0;2.0;0.1175372254164824;10;1594.3650525036671;1620.9343210878112;0.3656094;0.3251351;0.30925545;away_win;away_win
1.2;0.53;0.35;10.0;5.0;0.82;9.0;10;0.0;-0.0159999999999997;;;2.0;1.2;0.1433333333333333;6;1547.8656509584398;1488.0745634433536;0.318291;0.36658916;0.3151198;draw;draw
1.4;0.84;0.56;15.0;3.0;0.83;8.0;11;1.0;0.236;;;2.0;2.2;0.1163636363636364;16;1538.9816944522458;1490.478884148381;0.37001222;0.34007943;0.28990835;away_win;draw
0.8;0.87;0.36;5.0;1.0;0.77;11.0;7;0.0;-0.2559999999999999;2.0;1.8;;;0.0731623931623931;0;1457.255526321413;1464.465787765086;0.28880152;0.3851671;0.32603142;draw;home_win
1.6;2.22;0.57;14.0;7.0;0.84;13.0;6;2.0;-0.1240000000000001;;;3.0;2.4;0.121062271062271;14;1492.0693714659185;1473.5679128269237;0.30710104;0.39251357;0.30038536;draw;home_win
1.4;0.76;0.44;11.0;2.0;0.72;10.0;8;0.0;0.1080000000000001;2.0;1.4;;;0.1095238095238095;18;1488.0745634433536;1547.8656509584398;0.3344838;0.35215247;0.3133637;draw;draw
1.2;0.96;0.5;16.0;2.0;0.85;7.0;14;0.0;-0.0300000000000001;1.0;1.4;;;0.125;11;1459.201888480402;1647.8810187028666;0.47236148;0.27154508;0.2560934;away_win;away_win
2.4;0.67;0.48;8.0;3.0;0.77;10.0;8;0.0;1.16;;;3.0;3.0;0.1604761904761904;12;1590.0208888985132;1426.002713325459;0.34061915;0.34742543;0.31195545;draw;draw
1.2;2.26;0.64;30.0;11.0;0.88;17.0;3;1.0;-0.1999999999999998;;;3.0;2.4;0.1096825396825397;17;1647.8810187028666;1459.201888480402;0.319765;0.27925718;0.4009778;home_win;home_win
1.2;0.79;0.27;2.0;1.0;0.61;3.0;18;0.0;0.072;;;0.0;1.0;0.1098484848484848;1;1442.1928557117965;1440.690818322429;0.31533265;0.44705433;0.23761308;draw;home_win
2.6;2.86;0.5;14.0;8.0;0.87;19.0;2;2.0;0.5879999999999999;3.0;2.4;;;0.190407268170426;19;1620.9343210878112;1594.3650525036671;0.32639942;0.350523;0.3230776;draw;home_win
1.6;1.71;0.43;15.0;2.0;0.72;4.0;15;0.0;-0.0279999999999998;0.0;1.0;;;0.1228571428571428;7;1490.478884148381;1538.9816944522458;0.40921357;0.3110901;0.2796963;away_win;draw
0.4;0.43;0.41;5.0;1.0;0.73;8.0;11;1.0;-0.922;0.0;1.2;;;0.0533333333333333;11;1473.5679128269237;1492.0693714659185;0.281744;0.3632939;0.35496208;draw;away_win
2.2;2.64;0.65;18.0;4.0;0.92;17.0;3;4.0;0.04;;;2.0;2.6;0.1810989010989011;10;1713.761971597977;1778.8357509813518;0.24448226;0.3551082;0.40040952;home_win;away_win
1.4;2.48;0.59;25.0;6.0;0.84;8.0;11;0.0;-0.414;;;0.0;0.2;0.0866666666666666;0;1464.465787765086;1457.255526321413;0.31207347;0.45343566;0.23449087;draw;away_win
1.2;1.02;0.43;11.0;3.0;0.75;4.0;15;0.0;-0.36;1.0;1.4;;;0.0748320644872369;0;1426.002713325459;1590.0208888985132;0.5221393;0.2528614;0.22499922;away_win;draw
1.5;1.15;0.46;14.0;3.0;0.78;4.0;15;0.0;-0.31;1.0;1.2;;;0.0996003996003996;1;1440.690818322429;1442.1928557117965;0.26625314;0.35108325;0.38266358;home_win;away_win
3.0;2.32;0.53;18.0;4.0;0.89;27.0;1;8.0;0.5340000000000003;;;5.0;3.4;0.1779047619047619;22;1788.6141004445622;1490.1195264147293;0.32267046;0.29309264;0.38423687;home_win;draw
1.8;1.17;0.56;14.0;4.0;0.88;15.0;6;0.0;0.0040000000000001;4.0;1.6;;;0.1068229397021967;25;1583.2809378468105;1453.1455176423765;0.1653352;0.34806538;0.48659948;home_win;home_win
0.8;0.77;0.52;5.0;4.0;0.82;9.0;10;0.0;-0.142;2.0;1.0;;;0.0896969696969697;8;1537.3172652888163;1462.2063272290634;0.21032149;0.41557214;0.37410632;draw;home_win
1.4;4.54;0.47;24.0;11.0;0.86;14.0;7;1.0;-0.2199999999999999;;;2.0;1.2;0.0911111111111111;14;1469.504524184163;1454.1409775014718;0.31676018;0.3328614;0.3503784;home_win;away_win
2.0;0.87;0.51;8.0;4.0;0.81;16.0;5;3.0;0.2899999999999998;1.0;1.0;;;0.1793956043956043;8;1503.4309570637786;1632.0184357446678;0.53482485;0.21908182;0.2460933;away_win;home_win
0.6;1.43;0.37;12.0;2.0;0.69;11.0;8;0.0;-0.5999999999999999;2.0;1.4;;;0.0428571428571428;4;1490.1195264147293;1788.6141004445622;0.5662648;0.2080488;0.22568634;away_win;draw
1.0;1.03;0.47;9.0;1.0;0.77;7.0;13;0.0;-0.1640000000000001;;;1.0;1.2;0.1138888888888888;4;1453.1455176423765;1583.2809378468105;0.47688589;0.35689506;0.16621901;away_win;away_win
2.4;2.12;0.64;17.0;3.0;0.86;11.0;8;0.0;0.8559999999999999;3.0;2.8;;;0.1522408963585433;17;1584.7423264506413;1492.1433133118103;0.17596349;0.26529396;0.5587425;home_win;home_win
1.2;0.47;0.53;5.0;1.0;0.81;20.0;3;2.0;-0.0959999999999998;;;3.0;1.8;0.133015873015873;0;1653.937389540892;1452.216789902336;0.30785412;0.28556618;0.4065797;home_win;draw
1.8;2.98;0.48;15.0;11.0;0.87;6.0;14;1.0;0.26;0.0;0.8;;;0.145;5;1454.1409775014718;1469.504524184163;0.34115782;0.34628132;0.31256092;draw;home_win
2.6;2.35;0.44;16.0;9.0;0.8;22.0;2;3.0;0.616;;;3.0;1.8;0.190407268170426;20;1632.0184357446678;1503.4309570637786;0.25531486;0.29999998;0.44468513;home_win;away_win
1.0;0.97;0.48;8.0;5.0;0.77;5.0;15;0.0;-0.2379999999999998;;;2.0;2.0;0.0811904761904761;8;1492.1433133118103;1584.7423264506413;0.4892751;0.34334022;0.16738465;away_win;away_win
0.8;1.63;0.49;11.0;7.0;0.8;8.0;11;0.0;-0.71;;;3.0;1.2;0.0896969696969696;14;1462.2063272290634;1537.3172652888163;0.36694038;0.42017764;0.21288194;draw;away_win
2.0;0.32;0.47;6.0;1.0;0.87;17.0;4;0.0;0.066;3.0;1.8;;;0.1657142857142857;12;1703.9836221347666;1431.281275773331;0.14093176;0.26968506;0.5893832;home_win;home_win
1.2;1.4;0.53;11.0;5.0;0.85;8.0;11;0.0;-0.358;2.0;1.4;;;0.0858008658008658;0;1452.216789902336;1653.937389540892;0.48536816;0.26686737;0.24776448;away_win;draw
1.2;0.9;0.36;9.0;4.0;0.73;5.0;15;0.0;-0.0979999999999999;;;1.0;0.8;0.0875304771856495;0;1431.281275773331;1703.9836221347666;0.62556535;0.22629985;0.1481348;away_win;away_win
2.6;1.39;0.67;12.0;4.0;0.89;28.0;1;0.0;0.5640000000000003;5.0;4.0;;;0.1792380952380952;26;1780.2643506833454;1545.820687987064;0.1887486;0.33415303;0.47709844;home_win;home_win
2.0;2.48;0.58;17.0;6.0;0.82;18.0;6;1.0;0.1220000000000001;;;2.0;1.6;0.1154503906825888;16;1590.985253321521;1647.6601854926646;0.28872597;0.36779183;0.34348217;draw;draw
0.6;1.21;0.63;13.0;4.0;0.86;10.0;11;0.0;-0.3479999999999997;;;1.0;0.8;0.0833333333333333;2;1545.820687987064;1780.2643506833454;0.4876352;0.28289267;0.22947216;away_win;away_win
1.2;1.44;0.59;21.0;8.0;0.87;12.0;9;1.0;0.19;;;1.0;1.6;0.1087445887445887;3;1546.762699248388;1615.7694382228156;0.5808974;0.20992595;0.20917667;away_win;away_win
1.4;2.21;0.6;17.0;5.0;0.87;14.0;7;0.0;-0.4319999999999999;3.0;2.6;;;0.0895424836601307;13;1456.974231679276;1593.617706227414;0.28206506;0.33682287;0.38111204;home_win;away_win
2.4;1.86;0.5;10.0;4.0;0.79;19.0;5;4.0;0.7019999999999997;;;4.0;2.6;0.224010989010989;8;1519.6799545856309;1483.2679335350376;0.33752573;0.31730092;0.34517333;home_win;draw
1.0;0.79;0.33;11.0;5.0;0.71;12.0;9;0.0;-0.0899999999999998;;;2.0;1.2;0.0792207792207792;0;1498.469276175946;1428.7426965327538;0.33985788;0.38176215;0.27838;draw;home_win
1.2;2.31;0.42;15.0;6.0;0.71;7.0;15;0.0;-0.2220000000000001;1.0;1.2;;;0.1155555555555555;0;1445.441202167666;1458.4939939505634;0.27582625;0.37365803;0.3505157;draw;home_win
2.0;1.05;0.56;16.0;5.0;0.8;14.0;7;1.0;0.6039999999999999;;;2.0;2.6;0.13140756302521;7;1593.617706227414;1456.974231679276;0.27066156;0.27879143;0.45054698;home_win;home_win
1.0;1.0;0.51;17.0;1.0;0.86;21.0;3;0.0;-0.2519999999999999;4.0;1.8;;;0.1003361344537815;13;1647.6601854926646;1590.985253321521;0.2648156;0.37313405;0.36205032;draw;draw
1.6;2.75;0.4;7.0;4.0;0.81;9.0;12;2.0;0.008;;;1.0;1.2;0.164047619047619;10;1466.6712700063588;1427.1474011076575;0.30947322;0.42061594;0.26991087;draw;home_win
2.6;2.19;0.5;18.0;6.0;0.82;22.0;2;0.0;0.652;4.0;2.4;;;0.1909920634920635;18;1615.7694382228156;1546.762699248388;0.206693;0.29092568;0.5023813;home_win;home_win
1.0;0.14;0.44;3.0;0.0;0.71;5.0;16;0.0;-0.1119999999999998;0.0;0.8;;;0.0811904761904761;20;1483.2679335350376;1519.6799545856309;0.33846724;0.3648093;0.29672348;draw;draw
1.0;0.61;0.41;6.0;4.0;0.78;8.0;14;0.0;-0.0579999999999999;0.0;1.2;;;0.123030303030303;10;1452.7608932694918;1708.1174968004398;0.55785704;0.20626737;0.2358756;away_win;away_win
2.8;3.89;0.67;25.0;10.0;0.93;20.0;4;1.0;0.25;;;2.0;2.2;0.1337142857142857;16;1708.1174968004398;1452.7608932694918;0.22176842;0.27793178;0.5002998;home_win;home_win
1.4;0.51;0.49;8.0;3.0;0.8;9.0;12;0.0;-0.0399999999999999;;;0.0;0.4;0.1108008658008658;0;1458.4939939505634;1445.441202167666;0.35411283;0.367807;0.27808022;draw;away_win
0.8;0.13;0.33;1.0;0.0;0.81;5.0;16;0.0;-0.2859999999999999;1.0;1.2;;;0.0541971438523162;1;1427.1474011076575;1466.6712700063588;0.3326607;0.31499672;0.35234255;home_win;away_win
1.2;0.76;0.52;15.0;4.0;0.86;4.0;18;0.0;-0.258;1.0;1.2;;;0.0996003996003996;3;1428.7426965327538;1498.469276175946;0.31326246;0.34576565;0.3409719;draw;away_win
2.4;1.05;0.52;14.0;6.0;0.84;19.0;5;0.0;0.6080000000000002;;;2.0;2.0;0.1487837240159222;6;1592.925556547857;1446.0433784774175;0.24393907;0.27516252;0.4808984;home_win;away_win
0.8;0.6;0.37;8.0;2.0;0.76;10.0;11;0.0;-0.0179999999999997;1.0;1.6;;;0.0833333333333333;12;1540.8780967710509;1484.5209759444576;0.20586565;0.3846564;0.40947792;home_win;home_win
1.2;1.29;0.49;16.0;6.0;0.86;12.0;9;0.0;0.0099999999999999;2.0;1.2;;;0.1087445887445887;9;1537.1152534378682;1449.4645639690875;0.18275861;0.39290714;0.42433426;home_win;draw
1.8;1.96;0.47;11.0;5.0;0.85;14.0;8;0.0;-0.2359999999999999;;;1.0;1.2;0.121865715983363;6;1449.4645639690875;1537.1152534378682;0.3781805;0.38424423;0.2375753;draw;draw
2.6;1.66;0.48;18.0;4.0;0.74;20.0;4;0.0;0.8419999999999999;2.0;1.6;;;0.2351221001221001;18;1518.4269121762109;1457.8918176408115;0.19615825;0.40953165;0.39431015;draw;home_win
1.2;0.44;0.48;8.0;3.0;0.74;15.0;7;1.0;0.1580000000000001;1.0;1.4;;;0.1042207792207792;1;1508.0928248760524;1416.506648855145;0.1962759;0.3847114;0.41901273;home_win;away_win
0.8;1.56;0.48;10.0;6.0;0.86;10.0;11;1.0;-0.5640000000000002;;;1.0;1.6;0.0688888888888888;9;1457.8918176408115;1518.4269121762109;0.3660784;0.42832872;0.20559293;draw;away_win
1.6;2.11;0.53;11.0;7.0;0.85;17.0;6;2.0;0.3079999999999999;3.0;2.4;;;0.1469919786096256;10;1601.1273739376024;1448.2740909525464;0.14348722;0.23060048;0.62591237;home_win;draw
1.4;3.62;0.48;15.0;6.0;0.81;22.0;3;0.0;-0.3439999999999999;;;3.0;1.4;0.1270028011204482;17;1645.7198822663286;1712.6042991173852;0.32338563;0.4304038;0.24621056;draw;home_win
2.2;2.32;0.48;14.0;4.0;0.87;12.0;9;3.0;0.2560000000000001;1.0;1.4;;;0.2069047619047619;10;1477.3120222588714;1625.4168840333357;0.531655;0.19253811;0.2758069;away_win;draw
2.8;1.9;0.51;19.0;11.0;0.87;25.0;1;1.0;0.6660000000000001;;;3.0;2.0;0.1953780284043442;16;1625.4168840333357;1477.3120222588714;0.238609;0.25424942;0.5071416;home_win;draw
1.2;1.59;0.52;14.0;1.0;0.72;6.0;15;0.0;-0.1019999999999998;;;1.0;1.2;0.0954761904761904;12;1484.5209759444576;1540.8780967710509;0.39341557;0.404412;0.2021724;draw;away_win
1.0;2.62;0.38;20.0;10.0;0.83;8.0;14;0.0;-0.2139999999999999;;;2.0;1.2;0.1196969696969697;16;1448.2740909525464;1601.1273739376024;0.56004494;0.26538682;0.17456822;away_win;draw
3.0;1.0;0.62;7.0;3.0;0.9;23.0;2;2.0;0.78;4.0;2.8;;;0.2003809523809523;11;1712.6042991173852;1645.7198822663286;0.3115268;0.34441593;0.34405726;draw;away_win
0.6;1.0;0.52;14.0;7.0;0.84;9.0;13;0.0;-0.702;2.0;1.6;;;0.0574675324675324;0;1446.0433784774175;1592.925556547857;0.4336346;0.3172627;0.2491026;away_win;home_win
0.8;0.32;0.52;5.0;2.0;0.85;5.0;16;0.0;-0.292;;;0.0;0.4;0.0541971438523162;10;1416.506648855145;1508.0928248760524;0.34534457;0.4405193;0.21413614;draw;home_win
3.2;2.38;0.63;22.0;8.0;0.9;31.0;1;1.0;1.0180000000000002;;;4.0;3.0;0.1737835497835498;23;1785.2069418993588;1576.134511150657;0.21582651;0.3358858;0.44828773;home_win;home_win
2.0;0.82;0.61;14.0;3.0;0.86;19.0;6;0.0;0.5260000000000001;5.0;2.2;;;0.1277753206545776;5;1576.134511150657;1785.2069418993588;0.30800202;0.3403933;0.35160467;home_win;away_win
1.6;4.06;0.7;23.0;12.0;0.9;13.0;9;1.0;0.0940000000000002;;;1.0;1.0;0.1181159420289855;7;1550.9484849570672;1431.5986340464472;0.34587136;0.31037593;0.34375274;away_win;away_win
1.0;1.57;0.49;17.0;4.0;0.85;13.0;9;0.0;-0.182;;;1.0;1.4;0.0841456582633053;0;1534.1505367575423;1462.8344238746174;0.35828802;0.34592158;0.2957904;away_win;away_win
2.6;2.18;0.57;17.0;4.0;0.86;23.0;4;1.0;0.8419999999999999;;;3.0;2.4;0.2242623716153128;5;1528.3570075165835;1660.0018677269104;0.47851783;0.25677952;0.26470265;away_win;away_win
0.8;0.76;0.44;8.0;2.0;0.74;15.0;8;0.0;-0.0359999999999998;;;2.0;1.0;0.0863636363636363;14;1493.0008396847502;1453.2372981971469;0.30224666;0.41472444;0.2830289;draw;away_win
0.6;1.09;0.43;14.0;4.0;0.74;10.0;13;0.0;-0.79;2.0;1.0;;;0.0466666666666666;7;1447.961722300439;1698.322313656803;0.57132953;0.217568;0.21110249;away_win;home_win
1.8;1.7;0.53;18.0;5.0;0.81;18.0;7;0.0;0.2699999999999999;;;2.0;2.8;0.1581030897207367;14;1596.164166693002;1620.5903902030775;0.35461482;0.31928295;0.3261023;away_win;away_win
1.6;1.13;0.4;6.0;4.0;0.83;25.0;3;1.0;-0.0959999999999998;3.0;1.8;;;0.1650980392156863;20;1660.0018677269104;1528.3570075165835;0.27644083;0.30984756;0.41371167;home_win;home_win
2.0;0.42;0.43;6.0;1.0;0.79;13.0;9;0.0;0.1480000000000001;;;2.0;1.8;0.1819047619047619;5;1482.138516089129;1474.450587758441;0.3234394;0.2960071;0.3805535;home_win;home_win
2.4;1.11;0.57;20.0;4.0;0.88;26.0;2;0.0;0.318;5.0;2.4;;;0.1553780284043441;11;1620.5903902030775;1596.164166693002;0.23167413;0.34461838;0.4237075;home_win;home_win
0.6;0.14;0.3;2.0;1.0;0.75;6.0;16;0.0;-0.3099999999999998;0.0;1.0;;;0.0526190476190476;17;1474.450587758441;1482.138516089129;0.3252488;0.3560969;0.3186543;draw;away_win
1.2;1.61;0.47;10.0;3.0;0.77;9.0;14;0.0;-0.18;0.0;1.2;;;0.1396969696969697;14;1453.2372981971469;1493.0008396847502;0.29477814;0.350009;0.3552129;home_win;home_win
2.4;1.08;0.6;16.0;4.0;0.88;23.0;4;0.0;0.614;;;3.0;2.4;0.1684365079365079;22;1698.322313656803;1447.961722300439;0.30990615;0.29286283;0.39723107;home_win;away_win
0.8;0.84;0.39;10.0;2.0;0.73;12.0;12;1.0;-0.446;3.0;1.8;;;0.0831818181818181;0;1462.8344238746174;1534.1505367575423;0.33754435;0.34111014;0.3213455;draw;home_win
0.8;0.67;0.56;9.0;2.0;0.76;8.0;15;1.0;0.192;1.0;1.0;;;0.0848484848484848;4;1431.5986340464472;1550.9484849570672;0.383178;0.33793923;0.27888277;away_win;home_win
3.8;3.13;0.57;20.0;12.0;0.87;34.0;1;2.0;1.41;5.0;4.0;;;0.1952121212121212;18;1790.7473427689133;1462.7160760668592;0.1430188;0.31665432;0.54032683;home_win;draw
1.6;0.69;0.43;12.0;2.0;0.81;19.0;6;0.0;0.3580000000000002;;;2.0;2.0;0.1067226890756302;11;1570.5941102811028;1519.7213861775729;0.36382723;0.3559455;0.28022727;away_win;home_win
1.4;1.1;0.61;15.0;2.0;0.81;13.0;12;0.0;-0.0999999999999997;2.0;2.2;;;0.0981159420289855;6;1534.9811272479044;1667.6608006040638;0.3763448;0.31576183;0.3078933;away_win;draw
1.2;0.86;0.46;10.0;3.0;0.81;13.0;12;0.0;0.014;2.0;1.4;;;0.110812324929972;11;1519.7213861775729;1570.5941102811028;0.30850044;0.38622206;0.30527753;draw;away_win
1.8;0.69;0.51;9.0;2.0;0.88;15.0;9;0.0;-0.2539999999999999;;;1.0;0.8;0.121865715983363;7;1452.4292806494134;1678.9149757153286;0.5527604;0.27242678;0.17481285;away_win;away_win
2.0;0.9;0.56;11.0;2.0;0.84;23.0;4;0.0;0.506;3.0;2.0;;;0.1814052287581699;0;1520.6980746394302;1477.263574454587;0.20894432;0.4031276;0.38792807;draw;home_win
1.0;1.86;0.55;19.0;6.0;0.78;15.0;9;0.0;-0.0559999999999998;1.0;1.2;;;0.09688995215311;17;1479.6334207877724;1631.748125560573;0.50123477;0.22339463;0.27537057;away_win;home_win
1.0;1.4;0.35;13.0;7.0;0.8;13.0;12;1.0;-0.4780000000000001;;;0.0;1.0;0.0774358974358974;8;1467.3690602419138;1585.0064313355067;0.5628832;0.2912212;0.14589563;away_win;away_win
1.4;0.65;0.48;7.0;2.0;0.8;18.0;7;0.0;-0.126;2.0;1.8;;;0.1081030897207367;17;1585.0064313355067;1467.3690602419138;0.16499178;0.33161014;0.5033981;home_win;home_win
1.8;1.48;0.44;9.0;5.0;0.78;28.0;3;2.0;0.2600000000000001;;;3.0;1.4;0.202875816993464;24;1667.6608006040638;1534.9811272479044;0.26454523;0.33149913;0.40395558;home_win;draw
2.2;1.77;0.47;12.0;6.0;0.77;16.0;8;1.0;0.1520000000000001;1.0;1.4;;;0.1985714285714285;16;1493.873027780711;1466.604717094125;0.28557518;0.35501644;0.35940835;home_win;away_win
2.4;3.78;0.52;16.0;7.0;0.84;29.0;2;1.0;0.1340000000000001;;;2.0;1.8;0.1446637426900585;11;1631.748125560573;1479.6334207877724;0.24749094;0.21226771;0.5402413;home_win;away_win
0.4;0.46;0.53;7.0;2.0;0.81;6.0;17;0.0;-0.2599999999999998;;;1.0;1.0;0.0392857142857142;12;1462.7160760668592;1790.7473427689133;0.537718;0.27860367;0.18367837;away_win;draw
1.6;0.52;0.45;4.0;3.0;0.76;12.0;15;1.0;0.202;;;1.0;0.8;0.2496969696969697;10;1466.604717094125;1493.873027780711;0.32109576;0.34946716;0.32943708;draw;home_win
2.0;2.0;0.65;22.0;3.0;0.92;23.0;4;0.0;0.3419999999999999;3.0;2.4;;;0.1462142857142857;16;1678.9149757153286;1452.4292806494134;0.16059138;0.22676763;0.61264104;home_win;home_win
1.4;1.08;0.54;12.0;6.0;0.87;15.0;9;2.0;0.434;;;0.0;0.4;0.1331818181818181;0;1477.263574454587;1520.6980746394302;0.35517845;0.4496162;0.19520542;draw;away_win
1.0;2.19;0.39;15.0;3.0;0.74;11.0;16;2.0;0.158;;;1.0;0.8;0.0933333333333333;3;1447.56599175561;1419.1191478326475;0.35621092;0.37141564;0.2723734;draw;away_win
0.6;0.71;0.52;11.0;3.0;0.77;4.0;18;0.0;-0.7220000000000001;1.0;0.6;;;0.045054945054945;0;1419.1191478326475;1447.56599175561;0.308531;0.33892712;0.35254192;home_win;home_win
3.6;4.19;0.75;24.0;11.0;0.91;35.0;1;0.0;0.9180000000000004;;;4.0;3.4;0.1878787878787879;9;1781.9018655947175;1434.5856622327603;0.24795188;0.26277277;0.48927534;home_win;home_win
2.2;2.1;0.59;24.0;12.0;0.87;22.0;6;1.0;0.7720000000000001;4.0;1.4;;;0.1257703081232493;14;1580.849479054424;1531.2056668270238;0.21220444;0.25883436;0.5289612;home_win;draw
1.6;1.14;0.55;18.0;7.0;0.82;14.0;13;0.0;-0.0219999999999997;;;0.0;0.6;0.1092270531400966;19;1539.353224679901;1479.5446021314162;0.2996922;0.42431682;0.27599093;draw;home_win
1.0;0.69;0.41;12.0;5.0;0.8;13.0;14;0.0;-0.1699999999999999;;;0.0;1.0;0.070812324929972;10;1509.4660174042515;1459.283650494131;0.31372383;0.43839982;0.2478763;draw;draw
1.8;0.58;0.42;6.0;3.0;0.78;15.0;10;0.0;-0.1959999999999999;2.0;2.6;;;0.121865715983363;5;1447.3044769085395;1496.5754636775005;0.34196845;0.3309777;0.32705384;away_win;away_win
2.2;2.07;0.56;11.0;6.0;0.86;26.0;4;1.0;0.466;;;2.0;1.6;0.1791325014854426;11;1531.2056668270238;1580.849479054424;0.48448837;0.28743133;0.22808036;away_win;draw
1.6;1.49;0.41;11.0;6.0;0.67;18.0;8;1.0;0.5320000000000003;;;2.0;1.2;0.1514354066985645;17;1496.5754636775005;1447.3044769085395;0.3693553;0.31245986;0.31818488;away_win;home_win
1.0;0.63;0.5;12.0;2.0;0.85;13.0;14;0.0;-0.3980000000000001;3.0;1.2;;;0.0774358974358974;13;1459.283650494131;1509.4660174042515;0.27119815;0.38723505;0.34156683;draw;draw
1.4;0.86;0.5;10.0;4.0;0.83;21.0;7;1.0;0.1259999999999999;;;2.0;2.6;0.1163383838383838;0;1593.0918410832894;1466.7559822669932;0.31146806;0.2959839;0.392548;home_win;draw
1.8;1.17;0.45;9.0;4.0;0.8;29.0;2;0.0;0.1200000000000001;3.0;1.6;;;0.1850980392156863;19;1663.2887031720677;1480.9331427434197;0.16672026;0.29500765;0.5382721;home_win;home_win
1.6;0.91;0.57;13.0;4.0;0.84;16.0;9;0.0;-0.0339999999999998;;;3.0;2.0;0.1606227106227106;10;1480.9331427434197;1663.2887031720677;0.5302379;0.2935622;0.17619988;away_win;away_win
2.0;0.5;0.59;10.0;3.0;0.85;29.0;2;0.0;0.1040000000000001;5.0;3.2;;;0.1271637426900584;13;1614.806082670845;1684.0397794562025;0.28868565;0.33489892;0.3764154;home_win;away_win
1.8;1.17;0.43;11.0;7.0;0.81;15.0;10;2.0;0.4939999999999999;1.0;1.2;;;0.2678787878787879;10;1479.5446021314162;1539.353224679901;0.3818752;0.31610185;0.30202293;away_win;away_win
2.4;2.57;0.58;18.0;6.0;0.88;26.0;4;1.0;0.292;;;3.0;1.8;0.1684365079365079;13;1684.0397794562025;1614.806082670845;0.33624515;0.25637993;0.40737495;home_win;home_win
1.4;1.22;0.44;11.0;5.0;0.83;15.0;10;0.0;0.4699999999999999;3.0;2.0;;;0.1331818181818181;0;1466.7559822669932;1593.0918410832894;0.3682178;0.32392395;0.3078583;away_win;draw
1.0;2.72;0.61;21.0;7.0;0.83;11.0;16;0.0;-0.206;2.0;1.4;;;0.0806349206349206;3;1434.5856622327603;1781.9018655947175;0.46056578;0.29106027;0.24837397;away_win;away_win
3.8;4.09;0.64;22.0;10.0;0.9;38.0;1;1.0;0.7640000000000001;4.0;3.4;;;0.1909090909090909;28;1784.7644678624438;1469.590153148109;0.15307479;0.3144861;0.5324391;home_win;home_win
1.6;0.8;0.5;9.0;3.0;0.77;23.0;6;0.0;0.5080000000000002;;;2.0;2.4;0.0904761904761905;5;1579.146416978229;1693.6796886668835;0.50002295;0.27039427;0.22958279;away_win;home_win
2.4;3.56;0.48;15.0;8.0;0.8;17.0;9;1.0;0.3080000000000003;2.0;2.2;;;0.1625603864734299;0;1549.307673663208;1470.9368062870772;0.20422536;0.34320083;0.45257378;home_win;home_win
0.6;0.55;0.5;8.0;0.0;0.83;14.0;14;0.0;-0.392;2.0;0.8;;;0.0517647058823529;7;1507.744732989816;1532.9087289032193;0.33304566;0.3651352;0.30181912;draw;away_win
1.0;0.52;0.59;11.0;2.0;0.87;15.0;12;0.0;-0.1919999999999999;;;1.0;0.6;0.0885323826500297;1;1436.9949194973362;1431.7230599650345;0.3535957;0.37076452;0.27563974;draw;draw
1.6;0.18;0.5;4.0;1.0;0.77;27.0;5;0.0;0.202;;;2.0;1.4;0.1191325014854426;16;1532.9087289032193;1507.744732989816;0.39651158;0.34207168;0.26141673;away_win;home_win
1.4;1.54;0.41;11.0;3.0;0.79;21.0;8;2.0;0.1820000000000001;2.0;1.8;;;0.1332535885167464;18;1506.8850210887038;1471.5615532410548;0.2074421;0.3836497;0.40890813;home_win;draw
0.6;0.91;0.5;13.0;6.0;0.81;14.0;14;0.0;-0.5180000000000001;;;0.0;0.8;0.0507692307692307;20;1461.0049349085666;1474.7104635833405;0.31485355;0.42617956;0.2589669;draw;away_win
1.4;1.6;0.54;9.0;3.0;0.83;22.0;7;0.0;0.0159999999999999;2.0;1.2;;;0.126060606060606;8;1588.9110170632057;1669.5113823321465;0.40527588;0.31849006;0.2762341;away_win;draw
2.0;1.31;0.55;9.0;5.0;0.89;32.0;2;1.0;0.2580000000000001;;;2.0;1.2;0.2177777777777778;20;1669.5113823321465;1588.9110170632057;0.38215083;0.24357843;0.3742708;away_win;draw
1.0;0.35;0.45;5.0;1.0;0.81;16.0;10;0.0;-0.1539999999999998;1.0;0.8;;;0.0749084249084249;8;1474.7104635833405;1461.0049349085666;0.31500292;0.3596784;0.32531872;draw;home_win
2.0;2.23;0.47;19.0;7.0;0.84;29.0;3;0.0;0.0960000000000001;;;1.0;1.8;0.126578947368421;1;1605.1661734601637;1432.0994773554971;0.22661051;0.23150419;0.54188526;home_win;draw
0.6;0.95;0.25;6.0;2.0;0.6;7.0;17;0.0;-0.0559999999999998;;;0.0;0.6;0.0809523809523809;6;1471.5615532410548;1506.8850210887038;0.33396807;0.47350913;0.19252285;draw;draw
2.2;1.76;0.52;14.0;7.0;0.83;15.0;12;0.0;0.6639999999999999;;;2.0;1.4;0.2774025974025974;1;1469.590153148109;1784.7644678624438;0.54650325;0.26670703;0.18678977;away_win;away_win
1.8;2.88;0.53;17.0;9.0;0.89;29.0;3;2.0;-0.1059999999999999;4.0;2.6;;;0.1557306255835667;20;1693.6796886668835;1579.146416978229;0.2420979;0.25219762;0.5057045;home_win;away_win
1.4;0.58;0.46;8.0;3.0;0.78;16.0;10;0.0;0.4559999999999999;;;0.0;0.6;0.1331818181818181;0;1470.9368062870772;1549.307673663208;0.44931585;0.32048538;0.23019882;away_win;away_win
1.0;1.04;0.36;7.0;1.0;0.75;11.0;16;0.0;-0.388;1.0;1.0;;;0.0806349206349206;4;1431.7230599650345;1436.9949194973362;0.24364191;0.4055127;0.35084543;draw;draw
0.6;1.07;0.39;8.0;5.0;0.73;7.0;17;1.0;-0.3440000000000001;1.0;0.6;;;0.0642857142857142;1;1432.0994773554971;1605.1661734601637;0.45157132;0.3598099;0.1886188;away_win;draw
5.0;2.94;0.62;15.0;9.0;0.92;41.0;1;2.0;1.6540000000000004;;;4.0;3.4;0.2642424242424243;22;1788.1273607287014;1436.8128498927304;0.24303001;0.29466823;0.46230176;home_win;home_win
1.8;2.28;0.46;12.0;8.0;0.84;26.0;5;1.0;0.4620000000000002;3.0;1.2;;;0.1142857142857143;10;1594.964927098989;1591.6459672473345;0.33619723;0.39393827;0.26986447;draw;home_win
2.4;2.62;0.59;20.0;7.0;0.85;20.0;8;2.0;-0.0959999999999997;;;1.0;1.4;0.1325603864734299;3;1558.6458336182748;1599.6384685825635;0.48649213;0.28099078;0.23251711;away_win;away_win
0.6;1.99;0.24;27.0;3.0;0.81;14.0;11;0.0;-0.532;;;0.0;1.0;0.0517647058823529;5;1496.61235003689;1666.7764321480174;0.64495116;0.2086092;0.14643961;away_win;away_win
1.2;2.35;0.46;20.0;9.0;0.79;16.0;10;0.0;-0.0199999999999999;1.0;1.8;;;0.0967676767676768;1;1436.8128498927304;1788.1273607287014;0.48786044;0.25645864;0.2556809;away_win;away_win
1.8;0.88;0.57;11.0;3.0;0.76;30.0;3;1.0;0.558;4.0;2.6;;;0.1443850267379679;11;1544.041111856145;1486.2373367815846;0.19158512;0.3899047;0.41851014;home_win;home_win
1.6;2.99;0.56;16.0;5.0;0.79;22.0;7;0.0;-0.1279999999999999;;;2.0;0.6;0.1332535885167464;6;1505.6691780783217;1449.4780617103224;0.34670633;0.34676462;0.3065291;draw;draw
0.4;2.33;0.48;18.0;3.0;0.85;14.0;11;0.0;-0.8720000000000002;2.0;0.6;;;0.0307692307692307;21;1449.4780617103224;1505.6691780783217;0.27558127;0.38960794;0.33481076;draw;draw
1.2;1.67;0.43;12.0;6.0;0.78;23.0;6;0.0;-0.096;;;1.0;1.6;0.1033333333333333;16;1591.6459672473345;1594.964927098989;0.46402383;0.33837062;0.19760561;away_win;away_win
2.0;2.13;0.57;16.0;6.0;0.86;33.0;2;0.0;0.5560000000000002;3.0;1.8;;;0.2152777777777778;17;1666.7764321480174;1496.61235003689;0.15529032;0.2844584;0.5602513;home_win;home_win
1.2;3.43;0.52;13.0;7.0;0.87;19.0;9;1.0;-0.1759999999999999;;;3.0;1.8;0.0935897435897436;17;1486.2373367815846;1544.041111856145;0.38541916;0.38218835;0.23239249;away_win;away_win
1.8;1.1;0.57;12.0;6.0;0.84;30.0;3;0.0;0.056;4.0;2.8;;;0.1221929824561403;21;1599.6384685825635;1558.6458336182748;0.17754103;0.31354025;0.5089187;home_win;home_win
1.0;1.26;0.44;9.0;6.0;0.69;8.0;14;0.0;0.1200000000000001;0.0;1.0;;;0.1253968253968254;4;1472.777396251437;1431.9051295696402;0.31876642;0.35486877;0.32636485;draw;home_win
1.4;1.89;0.54;14.0;6.0;0.81;12.0;13;0.0;-0.302;;;1.0;0.8;0.1092063492063492;7;1431.9051295696402;1472.777396251437;0.3443947;0.39923874;0.25636652;draw;away_win
4.4;1.55;0.65;18.0;8.0;0.88;44.0;1;3.0;1.2200000000000002;;;4.0;3.4;0.243030303030303;22;1790.9324421710592;1610.2291665889184;0.30718726;0.26107222;0.4317405;home_win;home_win
2.2;3.08;0.58;20.0;11.0;0.84;29.0;4;2.0;0.4100000000000001;3.0;1.6;;;0.13;13;1606.8502977736107;1503.745152030736;0.1478188;0.20606564;0.64611554;home_win;draw
1.6;0.09;0.4;1.0;1.0;0.76;20.0;8;0.0;-0.1019999999999998;;;1.0;1.4;0.0977777777777777;23;1548.0551356119202;1451.4020877579078;0.378341;0.3420429;0.27961618;away_win;draw
0.4;0.53;0.54;5.0;3.0;0.84;14.0;14;0.0;-0.5239999999999999;2.0;0.8;;;0.04;9;1490.060771650994;1579.7605965727128;0.45151803;0.3057393;0.24274267;away_win;draw
0.8;0.51;0.35;8.0;4.0;0.71;16.0;10;0.0;-0.1299999999999999;1.0;1.8;;;0.0672222222222222;13;1434.0077684503726;1483.372194456729;0.2777622;0.3555911;0.36664674;home_win;home_win
2.2;3.24;0.61;19.0;10.0;0.87;33.0;2;2.0;0.7460000000000001;5.0;3.6;;;0.1617224880382775;8;1554.062859182967;1677.8611785461237;0.43991828;0.2598391;0.30024266;away_win;home_win
1.6;1.37;0.53;16.0;2.0;0.8;23.0;6;0.0;-0.2499999999999999;;;2.0;0.8;0.1207535885167464;16;1503.745152030736;1606.8502977736107;0.514055;0.2727416;0.2132034;away_win;draw
0.6;0.5;0.47;9.0;5.0;0.83;15.0;12;0.0;-0.5540000000000002;2.0;0.8;;;0.0529914529914529;8;1451.4020877579078;1548.0551356119202;0.33237326;0.37287277;0.29475394;draw;draw
1.4;0.85;0.42;12.0;5.0;0.8;23.0;6;0.0;0.2739999999999999;;;1.0;1.6;0.1255555555555555;15;1579.7605965727128;1490.060771650994;0.33266816;0.37923986;0.28809202;draw;draw
1.4;1.04;0.39;7.0;5.0;0.75;19.0;9;0.0;-0.0999999999999999;;;3.0;1.8;0.1221611721611721;1;1476.2155894547627;1461.5986463320105;0.33406025;0.395263;0.2706768;draw;draw
2.2;2.53;0.6;22.0;8.0;0.87;33.0;2;1.0;0.1720000000000001;4.0;2.8;;;0.1403748006379585;7;1610.2291665889184;1790.9324421710592;0.33601558;0.34274068;0.3212437;draw;away_win
1.2;1.33;0.43;13.0;8.0;0.72;11.0;16;1.0;0.3720000000000001;;;0.0;1.0;0.1418803418803418;10;1483.372194456729;1434.0077684503726;0.3589915;0.38351023;0.25749826;draw;away_win
2.2;1.18;0.38;8.0;3.0;0.8;15.0;12;0.0;0.952;1.0;1.8;;;0.2924025974025974;10;1466.2272602818514;1421.3103313643485;0.26993215;0.35350126;0.37656662;home_win;draw
1.4;2.04;0.54;16.0;4.0;0.87;29.0;4;0.0;-0.714;;;3.0;2.0;0.082516339869281;23;1677.8611785461237;1554.062859182967;0.2974878;0.3241621;0.37835008;home_win;away_win
1.6;0.51;0.41;9.0;6.0;0.77;16.0;10;0.0;0.754;2.0;1.4;;;0.1554040404040403;1;1461.5986463320105;1476.2155894547627;0.32070455;0.35078865;0.32850686;draw;draw
1.2;1.69;0.57;16.0;4.0;0.78;12.0;15;0.0;-0.7060000000000001;;;1.0;1.0;0.0772619047619047;4;1421.3103313643485;1466.2272602818514;0.35811237;0.38487402;0.25701365;draw;draw
4.4;3.25;0.54;16.0;10.0;0.87;47.0;1;4.0;1.1960000000000002;4.0;4.2;;;0.255530303030303;27;1797.1990618626633;1454.6568346107026;0.14678973;0.30043185;0.5527784;home_win;away_win
2.4;2.09;0.58;14.0;4.0;0.85;30.0;5;0.0;0.3300000000000002;;;2.0;2.6;0.1442857142857143;20;1603.3901553284954;1475.711035770226;0.33259305;0.26476133;0.4026456;home_win;home_win
1.8;1.69;0.57;13.0;5.0;0.81;21.0;9;0.0;-0.0199999999999997;2.0;2.0;;;0.1152136752136752;17;1544.800388759125;1447.701374152752;0.19196254;0.36823142;0.43980607;home_win;home_win
0.6;1.73;0.58;16.0;4.0;0.82;15.0;15;0.0;-0.4979999999999999;;;0.0;0.6;0.0375;8;1493.0918455242436;1661.7575545886432;0.5204694;0.3180525;0.16147809;away_win;away_win
1.0;2.05;0.59;20.0;6.0;0.79;19.0;11;1.0;-0.2019999999999999;;;0.0;0.8;0.065;8;1447.701374152752;1544.800388759125;0.4278962;0.3654378;0.206666;away_win;away_win
2.4;1.63;0.41;18.0;8.0;0.78;36.0;2;3.0;0.8000000000000002;;;2.0;1.2;0.1728335991493886;8;1570.166483140447;1576.7295226994631;0.522201;0.2232316;0.2545674;away_win;home_win
1.6;1.63;0.42;17.0;3.0;0.73;24.0;7;0.0;-0.2039999999999999;1.0;1.6;;;0.1219919786096256;9;1507.2052944758514;1673.3280105339136;0.5564238;0.21675771;0.22681849;away_win;away_win
0.6;1.04;0.43;15.0;6.0;0.78;16.0;13;0.0;-0.4820000000000002;;;0.0;0.6;0.0488888888888888;6;1454.6568346107026;1797.1990618626633;0.62207055;0.21213199;0.16579741;away_win;home_win
2.0;0.92;0.42;9.0;4.0;0.78;24.0;7;0.0;0.82;2.0;1.2;;;0.1922222222222221;23;1576.7295226994631;1570.166483140447;0.31771734;0.28928396;0.3929987;home_win;away_win
2.2;2.18;0.46;19.0;7.0;0.85;36.0;2;1.0;0.546;;;2.0;1.6;0.1801900584795322;24;1673.3280105339136;1507.2052944758514;0.25219563;0.27789032;0.46991408;home_win;home_win
1.2;0.74;0.44;6.0;0.0;0.78;20.0;10;0.0;-0.0939999999999999;2.0;1.6;;;0.1054945054945055;11;1475.711035770226;1603.3901553284954;0.46330827;0.2682741;0.2684176;away_win;away_win
1.2;2.77;0.46;17.0;4.0;0.83;33.0;4;0.0;-0.6259999999999999;;;1.0;1.8;0.0771395065203114;13;1603.9625468973145;1422.85312146844;0.3075851;0.2648894;0.42752552;home_win;home_win
1.4;0.79;0.41;9.0;7.0;0.68;11.0;17;0.0;0.4420000000000001;1.0;1.4;;;0.1641025641025641;12;1469.6785887543494;1464.6844701777595;0.29738626;0.36913234;0.33348137;draw;home_win
2.2;0.96;0.65;13.0;4.0;0.88;16.0;13;0.0;1.082;;;2.0;1.4;0.2877872127872128;18;1464.6844701777595;1469.6785887543494;0.2636471;0.34362516;0.3927277;home_win;away_win
1.2;1.16;0.59;8.0;2.0;0.85;29.0;6;0.0;-0.93;3.0;2.4;;;0.070016339869281;14;1661.7575545886432;1493.0918455242436;0.17667829;0.2650261;0.5582956;home_win;home_win
1.2;1.31;0.56;27.0;14.0;0.85;17.0;12;0.0;0.2599999999999999;;;0.0;0.8;0.1154040404040404;0;1462.103200016547;1437.627182233097;0.36611167;0.3965507;0.23733757;draw;draw
1.0;0.81;0.35;13.0;4.0;0.73;13.0;16;0.0;-0.6300000000000001;1.0;1.0;;;0.0659798534798534;1;1422.85312146844;1603.9625468973145;0.5718987;0.21670856;0.21139278;away_win;away_win
0.6;1.54;0.43;7.0;2.0;0.78;8.0;18;0.0;-0.446;1.0;0.6;;;0.0785714285714285;0;1437.627182233097;1462.103200016547;0.30810425;0.36398178;0.327914;draw;draw
4.2;0.89;0.66;15.0;6.0;0.91;47.0;1;0.0;1.656;;;4.0;3.8;0.2521969696969697;3;1776.1316769349062;1461.259224030679;0.25913653;0.28118357;0.45968;home_win;draw
2.2;1.51;0.54;16.0;8.0;0.87;33.0;5;1.0;0.2480000000000001;2.0;1.4;;;0.148452380952381;9;1611.1686233202684;1553.5313768688302;0.17935795;0.20663242;0.6140097;home_win;home_win
2.0;1.81;0.5;12.0;5.0;0.8;24.0;7;1.0;0.0460000000000001;;;1.0;1.8;0.1374358974358974;24;1553.5313768688302;1611.1686233202684;0.56878865;0.22790189;0.20330945;away_win;away_win
0.6;0.76;0.52;17.0;3.0;0.85;15.0;14;0.0;-0.512;1.0;1.2;;;0.0375;9;1486.4991033795743;1467.9325677784532;0.24946126;0.3588861;0.39165264;home_win;draw
1.2;1.23;0.5;17.0;4.0;0.79;19.0;11;0.0;-0.1319999999999999;2.0;2.0;;;0.0767647058823529;9;1438.9703860430473;1452.8569490436246;0.26774174;0.35992837;0.37232986;home_win;home_win
2.2;1.73;0.52;10.0;5.0;0.81;39.0;2;4.0;0.6679999999999999;5.0;3.2;;;0.1601063264221159;11;1582.3931355380912;1500.542323891994;0.16504896;0.33478102;0.50017005;home_win;home_win
1.0;1.2;0.53;11.0;6.0;0.73;24.0;7;0.0;-0.7459999999999999;;;2.0;1.0;0.067446524064171;20;1500.542323891994;1582.3931355380912;0.4675612;0.34429795;0.18814088;away_win;away_win
2.0;0.57;0.48;9.0;3.0;0.75;24.0;7;0.0;0.8779999999999999;2.0;1.4;;;0.1944444444444444;9;1564.5028703018193;1668.3502967333122;0.4999031;0.25877443;0.24132244;away_win;away_win
2.4;2.18;0.47;15.0;5.0;0.71;39.0;2;2.0;0.6060000000000001;4.0;2.2;;;0.1757456140350877;11;1679.990981117771;1416.5973214196233;0.1623985;0.25368205;0.58391947;home_win;home_win
1.0;1.09;0.46;11.0;3.0;0.81;20.0;10;0.0;-0.3299999999999999;;;2.0;1.0;0.0901098901098901;15;1467.9325677784532;1486.4991033795743;0.30377144;0.4099529;0.28627563;draw;draw
1.6;2.34;0.68;11.0;8.0;0.88;36.0;4;1.0;-0.5939999999999999;3.0;2.4;;;0.111684961065766;14;1610.2183469461309;1481.5061098884846;0.14574957;0.18593395;0.66831654;home_win;away_win
2.0;4.32;0.59;22.0;10.0;0.8;14.0;15;1.0;0.2700000000000001;;;0.0;1.0;0.1913752913752913;17;1481.5061098884846;1610.2183469461309;0.5818896;0.20529316;0.21281719;away_win;home_win
1.8;0.77;0.41;7.0;2.0;0.73;16.0;13;0.0;0.632;;;1.0;1.4;0.1663586413586413;15;1452.8569490436246;1438.9703860430473;0.31474108;0.379026;0.306233;draw;away_win
1.4;2.43;0.48;12.0;4.0;0.86;32.0;6;1.0;-0.8160000000000001;;;2.0;1.2;0.0866830065359477;24;1668.3502967333122;1564.5028703018193;0.29442644;0.31528878;0.39028475;home_win;home_win
0.6;0.32;0.6;6.0;3.0;0.86;18.0;12;0.0;-0.188;2.0;1.4;;;0.0654040404040404;0;1461.259224030679;1776.1316769349062;0.48527578;0.23409514;0.28062913;away_win;draw
0.8;1.01;0.32;7.0;2.0;0.69;13.0;16;0.0;-0.4880000000000001;;;1.0;1.0;0.0564560439560439;2;1416.5973214196233;1679.990981117771;0.6283283;0.22884127;0.14283039;away_win;away_win
